id,name,age,score
1,Lee,19,94
2,Jung,33,28
3,Park,65,13
4,Song,23,75
5,Yoon,20,3
6,Lee,31,29
7,Song,56,3
8,Song,30,91
9,Song,44,28
10,Han,55,35
11,Kim,66,20
12,Yoon,39,35
13,Park,31,97
14,Kang,24,11
15,Yoon,24,45
16,Kang,56,33
17,Kim,64,58
18,Song,25,48
19,Lee,53,37
20,Lim,41,73
21,Choi,63,8
22,Kim,60,29
23,Jung,23,29
24,Lee,42,35
25,Han,58,46
26,Park,41,45
27,Choi,60,34
28,Lee,56,81
29,Park,52,93
30,Choi,28,59
31,Yoon,35,81
32,Song,32,87
33,Kang,67,99
34,Kim,32,4
35,Kang,43,34
36,Lee,31,72
37,,31,83
38,Han,43,82
39,Han,27,33
40,Park,33,95
41,Song,150,33
42,Lim,45,74
43,Yoon,41,28
44,Park,50,63
45,Lee,66,6
46,Lee,27,80
47,Park,68,120
48,Yoon,56,8
49,Yoon,42,76
50,Han,51,32
51,Song,18,87
52,Lee,61,68
53,Jung,67,ABC
54,Kang,25,37
55,Yoon,28,58
56,Kim,64,92
57,Jung,50,97
58,Park,50,13
58,Jung,58,64
60,Lim,30,19
61,Kang,66,20
62,Song,67,67
63,Kim,56,41
64,Han,19,14
65,Kang,69,39
66,Choi,21,30
67,Lim,23,10
68,Han,70,8
69,Song,67,16
70,Park,60,60
71,Song,28,33
72,Song,56,54
73,Choi,52,96
74,,63,39
75,Yoon,60,83
76,Kang,46,66
77,Han,25,31
78,Choi,22,43
79,Kim,55,70
80,Choi,55,28
81,Kim,22,90
82,Kim,150,8
83,Kim,39,9
84,Song,33,35
85,Han,31,69
86,Park,64,73
87,Lim,48,31
88,Han,69,52
89,Choi,24,12
90,Yoon,40,54
91,Yoon,47,93
92,Kim,61,83
93,Lee,21,51
94,Kang,69,120
95,Choi,30,24
96,Song,46,17
97,Yoon,29,35
98,Han,33,9
99,Han,69,70
100,Lee,21,83
101,Song,18,11
102,Choi,28,52
103,Han,48,27
104,Yoon,21,21
105,Yoon,18,49
106,Jung,68,ABC
107,Han,36,54
108,Song,60,91
109,Han,27,24
110,Jung,31,7
111,,65,69
112,Kim,65,40
113,Kim,21,74
114,Han,50,67
115,Park,21,65
116,Lee,29,8
117,Lim,22,86
117,Choi,43,15
119,Lim,33,74
120,Lim,20,79
121,Lee,44,84
122,Lim,54,66
123,Kang,150,26
124,Kang,33,33
125,Yoon,26,85
126,Jung,47,40
127,Lee,18,58
128,Lim,54,12
129,Lee,52,27
130,Song,34,16
131,Kang,22,31
132,Kang,36,20
133,Han,52,90
134,Jung,57,83
135,Song,18,85
136,Song,37,84
137,Lee,26,33
138,Lee,24,95
139,Song,27,34
140,Jung,56,26
141,Kang,31,120
142,Jung,50,62
143,Jung,21,11
144,Yoon,35,5
145,Kim,39,98
146,Park,58,33
147,Park,65,56
148,,63,54
149,Song,18,14
150,Lee,62,19
151,Song,20,47
152,Lim,53,18
153,Yoon,26,5
154,Jung,41,5
155,Kang,31,87
156,Choi,60,13
157,Kang,67,71
158,Yoon,57,95
159,Park,33,ABC
160,Park,44,3
161,Park,65,42
162,Yoon,69,85
163,Choi,35,20
164,Lee,150,4
165,Han,32,25
166,Han,40,39
167,Choi,32,3
168,Choi,43,42
169,Jung,22,98
170,Jung,40,82
171,Song,43,86
172,Song,39,3
173,Lee,34,22
174,Lim,34,4
175,Lee,56,55
176,Kang,64,100
176,Kang,45,77
178,Song,25,49
179,Lim,30,32
180,Kim,63,55
181,Kim,51,68
182,Choi,41,55
183,Lee,60,42
184,Lim,38,84
185,,64,38
186,Song,37,85
187,Yoon,38,51
188,Jung,53,120
189,Choi,44,85
190,Yoon,61,95
191,Park,57,72
192,Jung,43,70
193,Kim,37,36
194,Choi,45,100
195,Lim,56,83
196,Kang,47,56
197,Han,61,27
198,Song,48,94
199,Park,60,10
200,Jung,50,84
201,Lim,39,11
202,Choi,61,39
203,Choi,69,25
204,Park,19,5
205,Choi,150,78
206,Lee,47,53
207,Lim,30,91
208,Yoon,49,51
209,Choi,27,83
210,Kim,66,98
211,Lee,67,54
212,Choi,29,ABC
213,Song,47,6
214,Song,33,15
215,Han,26,59
216,Song,53,76
217,Kang,66,56
218,Lim,70,92
219,Song,45,70
220,Han,28,95
221,Han,46,33
222,,58,35
223,Song,49,80
224,Choi,35,56
225,Lee,63,36
226,Choi,35,42
227,Kang,52,10
228,Park,27,29
229,Yoon,62,19
230,Choi,22,53
231,Yoon,39,69
232,Han,44,7
233,Choi,44,49
234,Lim,62,2
235,Lim,42,120
235,Kim,40,38
237,Yoon,44,68
238,Song,69,77
239,Choi,49,28
240,Jung,45,62
241,Kim,42,43
242,Yoon,64,21
243,Han,26,79
244,Song,19,50
245,Lim,54,84
246,Kim,150,82
247,Yoon,26,59
248,Park,21,33
249,Yoon,38,27
250,Han,38,43
251,Yoon,35,96
252,Yoon,34,10
253,Han,19,95
254,Song,21,44
255,Choi,59,8
256,Kim,66,3
257,Choi,30,2
258,Lim,27,30
259,,48,85
260,Lee,54,27
261,Han,62,32
262,Kang,28,77
263,Lim,65,91
264,Lee,67,20
265,Jung,24,ABC
266,Kim,37,73
267,Yoon,43,91
268,Choi,22,75
269,Choi,24,89
270,Jung,61,76
271,Lee,68,72
272,Kim,40,68
273,Yoon,60,47
274,Lee,50,82
275,Kang,18,53
276,Han,24,55
277,Kang,58,58
278,Park,45,22
279,Song,59,34
280,Lim,69,68
281,Han,47,55
282,Lim,35,120
283,Choi,23,35
284,Han,33,96
285,Han,54,78
286,Yoon,39,3
287,Han,150,23
288,Han,31,45
289,Jung,39,35
290,Lim,62,35
291,Song,18,66
292,Choi,23,30
293,Yoon,49,71
294,Choi,62,60
294,Han,46,2
296,,36,28
297,Yoon,62,31
298,Jung,60,74
299,Kang,48,70
300,Song,40,54
301,Song,39,45
302,Han,35,39
303,Jung,32,15
304,Choi,38,15
305,Song,66,88
306,Park,30,27
307,Han,35,92
308,Lim,66,67
309,Lim,36,12
310,Choi,36,29
311,Kang,29,38
312,Kim,63,68
313,Park,35,5
314,Kim,53,37
315,Park,58,96
316,Han,24,1
317,Lim,36,60
318,Han,46,ABC
319,Park,21,32
320,Han,25,8
321,Yoon,49,9
322,Lim,58,87
323,Kim,27,19
324,Lim,37,10
325,Choi,25,71
326,Yoon,56,76
327,Lim,32,99
328,Song,150,57
329,Han,37,120
330,Yoon,37,72
331,Lim,21,78
332,Lee,66,26
333,,34,84
334,Lee,28,30
335,Park,53,9
336,Park,18,52
337,Han,62,76
338,Han,36,4
339,Choi,36,90
340,Jung,62,58
341,Lee,61,29
342,Jung,68,80
343,Lim,60,25
344,Yoon,25,69
345,Choi,59,19
346,Jung,70,18
347,Lee,21,21
348,Jung,56,95
349,Lim,36,56
350,Lee,47,88
351,Jung,62,51
352,Jung,50,69
353,Han,46,10
353,Lim,20,55
355,Kang,56,32
356,Kim,23,29
357,Lim,55,2
358,Jung,54,5
359,Park,48,66
360,Han,35,23
361,Lim,45,81
362,Han,23,60
363,Kang,44,42
364,Kang,60,13
365,Park,39,52
366,Han,36,84
367,Yoon,70,97
368,Song,20,58
369,Lee,150,32
370,,25,98
371,Yoon,50,ABC
372,Song,47,52
373,Kim,30,66
374,Kang,57,96
375,Han,58,56
376,Kim,31,120
377,Song,26,36
378,Han,62,62
379,Lee,19,80
380,Lim,69,30
381,Park,37,70
382,Kim,53,52
383,Lee,32,14
384,Han,25,82
385,Park,49,91
386,Jung,50,90
387,Jung,44,61
388,Han,33,58
389,Song,27,49
390,Choi,56,65
391,Park,22,35
392,Yoon,39,100
393,Song,35,0
394,Jung,64,38
395,Lim,55,84
396,Han,27,57
397,Song,48,44
398,Kang,53,97
399,Song,42,58
400,Kang,30,89
401,Choi,54,49
402,Choi,67,52
403,Kim,38,95
404,Han,63,48
405,Yoon,60,83
406,Park,49,4
407,,50,75
408,Kang,24,56
409,Lee,51,58
410,Kim,150,18
411,Yoon,59,19
412,Lee,48,100
412,Jung,39,79
414,Yoon,59,10
415,Kang,61,68
416,Yoon,38,80
417,Han,52,4
418,Lim,22,30
419,Jung,32,95
420,Lee,45,12
421,Lee,46,21
422,Jung,19,5
423,Kang,68,120
424,Jung,40,ABC
425,Yoon,27,31
426,Song,44,72
427,Park,28,22
428,Lee,57,48
429,Lim,61,30
430,Han,55,18
431,Choi,47,81
432,Jung,47,32
433,Kim,69,59
434,Jung,61,69
435,Park,22,56
436,Kang,55,38
437,Yoon,62,32
438,Han,37,25
439,Yoon,48,13
440,Choi,42,73
441,Kang,54,37
442,Jung,19,84
443,Yoon,35,1
444,,61,99
445,Kim,56,95
446,Han,36,99
447,Choi,56,45
448,Choi,58,24
449,Lim,34,86
450,Park,58,12
451,Kim,150,100
452,Han,20,74
453,Kang,64,16
454,Lee,36,41
455,Yoon,29,25
456,Park,68,69
457,Kang,51,64
458,Jung,28,32
459,Han,69,37
460,Kang,69,14
461,Han,22,18
462,Choi,61,92
463,Yoon,69,71
464,Kang,23,50
465,Kim,34,68
466,Lee,47,47
467,Jung,55,48
468,Kang,24,86
469,Choi,48,3
470,Lim,53,120
471,Lim,32,82
471,Lee,58,59
473,Jung,59,52
474,Lee,26,5
475,Kim,37,63
476,Lee,24,30
477,Song,26,ABC
478,Han,41,85
479,Song,44,75
480,Park,44,83
481,,49,78
482,Yoon,35,4
483,Kang,31,56
484,Han,33,46
485,Lee,61,47
486,Song,59,45
487,Kim,43,35
488,Choi,25,58
489,Lee,60,27
490,Lim,19,6
491,Kang,33,16
492,Lim,150,8
493,Song,31,75
494,Choi,70,29
495,Kang,67,18
496,Lim,18,35
497,Park,26,69
498,Jung,69,22
499,Lee,60,3
500,Park,18,45
